<!DOCTYPE Board_Memory_Definition_File>
<Root name="Kinetis">
  <MemorySegment size="0x80000" access="ReadOnly" start="0x00000000" name="FLASH" />
  <MemorySegment size="0x80000/2" access="Read/Write" start="0x00000000" name="FLASH_L" />
  <MemorySegment size="0x80000/2" access="Read/Write" start="0x00000000+0x80000/2" name="FLASH_H" />
  <MemorySegment size="0x20000" access="Read/Write" start="0x1fff0000" name="SRAM" />
  <MemorySegment size="0x10000" access="Read/Write" start="0x1fff0000" name="SRAM_L" />
  <MemorySegment size="0x10000" access="Read/Write" start="0x20000000" name="SRAM_H" />
  <MemorySegment size="0x100000" access="Read/Write" start="0x40000000" name="PERIPHERALS" />
  <MemorySegment size="0x100000" access="Read/Write" start="0xE0000000" name="PPB" />
</Root>
